,img_id,img_width,img_height,img_file,cat_name,supercategory,x,y,width,height,area
0,0,1537,2049,batch_1/000006.jpg,Glass bottle,Bottle,517.0,127.0,447.0,1322.0,403954.0
9,1,1537,2049,batch_1/000026.jpg,Drink can,Can,556.0,944.0,490.0,336.0,93266.0
19,2,1537,2049,batch_1/000005.jpg,Clear plastic bottle,Bottle,824.0,557.0,89.0,236.0,17734.0
51,3,1537,2049,batch_1/000003.jpg,Paper cup,Cup,714.0,1093.0,234.0,237.0,32486.0
52,4,1537,2049,batch_1/000011.jpg,Drink can,Can,522.0,1168.0,240.0,122.0,23393.0
82,5,1537,2049,batch_1/000027.jpg,Drink can,Can,668.0,717.0,455.0,655.0,165038.0
85,6,1537,2049,batch_1/000030.jpg,Drink can,Can,604.0,1052.0,187.0,320.0,27762.0
86,7,1537,2049,batch_1/000031.jpg,Drink can,Can,470.0,1040.0,413.0,321.0,89914.0
97,8,1537,2049,batch_1/000000.jpg,Clear plastic bottle,Bottle,710.0,1225.0,153.0,198.0,14765.5
98,9,1537,2049,batch_1/000013.jpg,Glass bottle,Bottle,811.0,1123.0,199.0,350.0,24923.0
101,10,1537,2049,batch_1/000016.jpg,Glass bottle,Bottle,593.0,934.0,432.0,238.0,45001.0
102,11,1537,2049,batch_1/000017.jpg,Glass bottle,Bottle,713.0,530.0,191.0,373.0,35424.0
106,12,1537,2049,batch_1/000029.jpg,Drink can,Can,652.0,874.0,425.0,689.0,152825.5
136,13,2448,3264,batch_1/000069.JPG,Drink can,Can,1050.0,1654.0,410.0,353.0,99515.5
137,14,2448,3264,batch_1/000070.JPG,Drink can,Can,1038.0,1111.0,255.0,637.0,138820.5
138,15,2448,3264,batch_1/000071.JPG,Other carton,Carton,1024.0,1397.0,556.0,592.0,144990.0
142,16,2448,3264,batch_1/000073.JPG,Drink can,Can,940.0,837.0,492.0,711.0,202553.5
157,17,2448,3264,batch_1/000082.JPG,Crisp packet,Plastic bag & wrapper,966.0,1399.0,525.0,485.0,153477.0
233,18,2448,3264,batch_1/000105.JPG,Plastic film,Plastic bag & wrapper,848.0,1113.0,1099.0,1418.0,1291600.0
268,19,2448,3264,batch_1/000118.JPG,Crisp packet,Plastic bag & wrapper,831.0,1289.0,348.0,251.0,51014.5
274,20,2448,3264,batch_1/000122.JPG,Metal bottle cap,Bottle cap,654.0,1783.0,126.0,114.0,10933.5
275,21,1241,751,batch_1/000004.jpg,Drink can,Can,649.0,55.0,93.0,88.0,4273.0
309,22,1824,4000,batch_10/000000.jpg,Clear plastic bottle,Bottle,1370.0,1291.0,380.0,150.0,26956.999999999996
390,23,1824,4000,batch_10/000012.jpg,Clear plastic bottle,Bottle,1429.5,2413.0,191.0,138.0,13775.5
401,24,4000,1824,batch_10/000016.jpg,Plastic film,Plastic bag & wrapper,2515.0,1272.0,242.0,260.0,35501.5
402,25,4000,1824,batch_10/000017.jpg,Unlabeled litter,Unlabeled litter,2567.0,868.9999999999999,70.0,234.00000000000009,8071.000000000005
403,26,4000,1824,batch_10/000018.jpg,Aluminium foil,Aluminium foil,2422.0,1176.0,196.0,99.0,10193.5
404,27,1824,4000,batch_10/000019.jpg,Normal paper,Paper,663.0,2432.0,188.0,306.0,27548.5
427,28,1824,4000,batch_10/000023.jpg,Clear plastic bottle,Bottle,583.0,1544.0,131.0,53.0,4623.999999999989
429,29,1824,4000,batch_10/000025.jpg,Drink can,Can,1151.0,2356.0,257.0,191.0,38245.0
437,30,1824,4000,batch_10/000028.jpg,Other plastic,Other plastic,401.0,1843.0,87.0,23.0,1082.0
445,31,1824,4000,batch_10/000032.jpg,Other plastic wrapper,Plastic bag & wrapper,557.4,2351.0,93.0,106.0,4625.0
511,32,1824,4000,batch_10/000039.jpg,Plastic bottle cap,Bottle cap,1032.4762,1712.1428,127.0,117.0,11187.5
529,33,1824,4000,batch_10/000044.jpg,Plastic straw,Straw,568.0,1640.0,248.0,89.0,3909.0
530,34,1824,4000,batch_10/000045.jpg,Plastic bottle cap,Bottle cap,1257.0,2007.0,33.0,28.0,706.5
531,35,1824,4000,batch_10/000046.jpg,Other carton,Carton,750.0,860.0,193.0,147.0,17172.0
554,36,4000,1824,batch_10/000051.jpg,Styrofoam piece,Styrofoam piece,1456.0,1023.0,306.0,192.0,37632.0
555,37,4000,1824,batch_10/000052.jpg,Unlabeled litter,Unlabeled litter,1485.0,773.3333,157.0,101.0,6612.0
556,38,4000,1824,batch_10/000053.jpg,Plastic film,Plastic bag & wrapper,690.0,716.0,272.0,304.0,50338.0
559,39,4000,1824,batch_10/000055.jpg,Plastic film,Plastic bag & wrapper,1323.9048,959.1428,296.0,316.0000000000001,18164.000000000004
560,40,4000,1824,batch_10/000056.jpg,Plastic film,Plastic bag & wrapper,1978.0,615.0,137.0,168.0,7410.0
563,41,1824,4000,batch_10/000058.jpg,Plastic film,Plastic bag & wrapper,1201.5,1806.0,338.0,313.00000000000017,59397.00000000003
566,42,1824,4000,batch_10/000060.jpg,Plastic film,Plastic bag & wrapper,1309.0,1516.0,135.0,138.0,7191.5
567,43,4000,1824,batch_10/000061.jpg,Aluminium foil,Aluminium foil,1947.0,1256.0,315.0,142.0,16727.0
574,44,1824,4000,batch_10/000065.jpg,Plastic film,Plastic bag & wrapper,782.0,1680.0,498.0,125.99999999999977,49352.99999999988
575,45,4000,1824,batch_10/000066.jpg,Plastic film,Plastic bag & wrapper,2109.0,701.0,490.0,319.0,50713.0
576,46,4000,1824,batch_10/000067.jpg,Plastic film,Plastic bag & wrapper,2350.0,416.0,174.0,140.0,10643.0
577,47,1824,4000,batch_10/000068.jpg,Plastic film,Plastic bag & wrapper,700.0,1524.0,252.99999999999991,222.0,33598.50000000001
578,48,4000,1824,batch_10/000069.jpg,Rope & strings,Rope & strings,675.0,867.0,146.0,125.0,4842.5
585,49,4000,1824,batch_10/000073.jpg,Plastic film,Plastic bag & wrapper,2312.5,1038.0,250.0,110.0,13651.0
586,50,1824,4000,batch_10/000074.jpg,Other plastic,Other plastic,1281.0,1393.0,188.0,255.0,3772.0
596,51,1824,4000,batch_10/000078.jpg,Other plastic,Other plastic,956.0,2361.0,187.0,136.0,17096.0
599,52,1824,4000,batch_10/000080.jpg,Plastic straw,Straw,1054.0,1648.0,177.0,75.0,2094.5000000000136
604,53,4000,1824,batch_10/000082.jpg,Other plastic,Other plastic,1890.0,734.0,156.0,249.0,14911.5
685,54,1824,4000,batch_10/000099.jpg,Other plastic wrapper,Plastic bag & wrapper,784.0,2015.0,482.0,384.99999999999983,102611.99999999996
692,55,1824,4000,batch_11/000002.jpg,Styrofoam piece,Styrofoam piece,572.0,1625.0,882.0,1145.0,560844.0
706,56,1824,4000,batch_11/000007.jpg,Styrofoam piece,Styrofoam piece,1180.0,2191.0,504.99999999999983,806.0,364440.0
733,57,1824,4000,batch_11/000017.jpg,Styrofoam piece,Styrofoam piece,502.0,489.0,989.0,2326.0,1108838.5
745,58,6000,4000,batch_11/000020.jpg,Rope & strings,Rope & strings,2356.0,1587.9011,1247.0,1232.9069,210166.53479999976
748,59,6000,4000,batch_11/000023.jpg,Plastic bottle cap,Bottle cap,2258.5713,1709.619,512.0,337.0,107062.0
749,60,6000,4000,batch_11/000024.jpg,Plastic bottle cap,Bottle cap,3103.0,1832.7228,347.0,248.77669999999992,49159.50154999999
768,61,2322,4128,batch_11/000030.jpg,Plastic film,Plastic bag & wrapper,1080.0,2426.0,588.0,240.0,60439.0
769,62,2322,4128,batch_11/000031.jpg,Other carton,Carton,843.0,2084.0,690.0,543.0,291170.0
770,63,2322,4128,batch_11/000032.jpg,Plastic film,Plastic bag & wrapper,1058.0,1104.0,477.0,705.0,180534.0
773,64,3264,2448,batch_11/000035.jpg,Styrofoam piece,Styrofoam piece,847.0,636.0,1674.0,1386.0,1631220.5
776,65,3463,4618,batch_11/000038.jpg,Paper cup,Cup,1616.2626,2326.0,439.7037,259.0,62479.60255
784,66,3463,4618,batch_11/000041.jpg,Drink can,Can,1374.9507,2107.0,330.6412,409.0,77605.99255000004
785,67,3463,4618,batch_11/000042.jpg,Paper cup,Cup,1695.7523,2584.8,398.1426999999998,491.0,120995.64355
786,68,3120,4160,batch_11/000043.jpg,Other plastic wrapper,Plastic bag & wrapper,1490.0,2290.0,357.0,361.0,102012.0
790,69,3120,4160,batch_11/000045.jpg,Other plastic wrapper,Plastic bag & wrapper,1302.0,1804.0,363.0,412.0,57408.0
793,70,3024,4032,batch_11/000047.jpg,Other plastic wrapper,Plastic bag & wrapper,1132.95,1990.8,510.3,743.3999999999999,343000.97999999986
796,71,3024,4032,batch_11/000049.jpg,Unlabeled litter,Unlabeled litter,1214.0,1935.0,556.0,563.0,232077.0
797,72,3024,4032,batch_11/000050.jpg,Plastic film,Plastic bag & wrapper,267.0,391.0,862.0,1141.0,465265.5
798,73,4032,3024,batch_11/000051.jpg,Other plastic wrapper,Plastic bag & wrapper,1246.0,936.0,640.0,709.0,248252.5
805,74,3024,4032,batch_11/000055.jpg,Styrofoam piece,Styrofoam piece,926.0,2200.0,986.0,627.0,225741.0
806,75,3024,4032,batch_11/000056.jpg,Unlabeled litter,Unlabeled litter,918.0,1889.0,1204.0,847.0,756379.0
807,76,3024,4032,batch_11/000057.jpg,Plastic bottle cap,Bottle cap,1180.5454,2049.0625,767.5454,786.7273,461684.6785471
808,77,3024,4032,batch_11/000058.jpg,Unlabeled litter,Unlabeled litter,1026.1904,2132.0476,934.4763,841.0,520029.69841893006
816,78,3024,4032,batch_11/000062.jpg,Styrofoam piece,Styrofoam piece,969.0,1910.0,696.0,649.0,330308.0
822,79,3024,4032,batch_11/000064.jpg,Plastic film,Plastic bag & wrapper,797.0,729.0,1247.0,2215.0,1470078.0
823,80,3024,4032,batch_11/000065.jpg,Single-use carrier bag,Plastic bag & wrapper,1307.0,2183.0,288.0,439.0,56853.0
824,81,3024,4032,batch_11/000066.jpg,Plastic film,Plastic bag & wrapper,1008.0,1806.0,985.0,584.0,294307.5
827,82,3024,4032,batch_11/000068.jpg,Styrofoam piece,Styrofoam piece,571.9524,1215.9524,1687.2855999999995,1538.0000000000002,1795091.5798459202
839,83,3024,4032,batch_11/000072.jpg,Other plastic wrapper,Plastic bag & wrapper,850.5,1446.0,1095.5,1351.1999999999996,990673.68
860,84,3024,4032,batch_11/000078.jpg,Styrofoam piece,Styrofoam piece,742.0,1555.0,1358.0,1204.0,887151.5
872,85,3024,4032,batch_11/000081.jpg,Styrofoam piece,Styrofoam piece,507.0,1954.0,1461.0,645.0,539157.5
876,86,3024,4032,batch_11/000083.jpg,Plastic film,Plastic bag & wrapper,388.90475,854.0,2335.90485,2001.0,2709378.5629147403
877,87,3024,4032,batch_11/000084.jpg,Plastic film,Plastic bag & wrapper,565.0,1955.0,1901.0,1033.0,1282213.0
878,88,3024,4032,batch_11/000085.jpg,Plastic bottle cap,Bottle cap,973.0,2258.0,518.0,511.0,198913.5
879,89,3024,4032,batch_11/000086.jpg,Other plastic wrapper,Plastic bag & wrapper,1033.0,2507.0,753.0,724.0,271009.0
880,90,3024,4032,batch_11/000087.jpg,Plastic film,Plastic bag & wrapper,562.0,1752.0,1491.0,738.0,636454.5
884,91,2448,3264,batch_11/000089.jpg,Other carton,Carton,757.0,1399.0,916.0,637.0,446660.5
890,92,3264,2448,batch_11/000093.jpg,Plastic bottle cap,Bottle cap,1959.0,1227.0,83.0,85.0,5357.0
929,93,2988,5312,batch_12/000002.jpg,Plastic bottle cap,Bottle cap,1000.0,1740.0,718.0,734.0,418525.0
933,94,4160,2340,batch_12/000005.jpg,Plastic film,Plastic bag & wrapper,857.0,565.0,2291.0,1457.0,1734631.5
934,95,1836,3264,batch_12/000006.jpg,Plastic bottle cap,Bottle cap,692.0,1196.0,425.0,470.0,130914.0
937,96,2988,5312,batch_12/000008.jpg,Drink can,Can,1007.0,1210.0,1383.0,2289.0,2522073.0
947,97,2988,5312,batch_12/000012.jpg,Clear plastic bottle,Bottle,682.0,1178.0,1278.0,2083.0,1375164.5
950,98,2988,5312,batch_12/000014.jpg,Plastic bottle cap,Bottle cap,971.0,1668.0,1128.0,1071.0,930648.5
958,99,2988,5312,batch_12/000018.jpg,Drink can,Can,1146.0,2174.0,725.0,519.0,193975.0
972,100,2988,5312,batch_12/000022.jpg,Disposable plastic cup,Cup,1045.1904,1893.381,783.0,849.9999,501426.9482
1123,101,2988,5312,batch_12/000040.jpg,Plastic film,Plastic bag & wrapper,518.0,1211.0,1562.0,1437.0,1418946.5
1126,102,2988,5312,batch_12/000042.jpg,Plastic bottle cap,Bottle cap,1172.0,2272.0,413.0,435.0,137012.5
1135,103,3024,4032,batch_12/000044.jpg,Drink can,Can,1275.0,2425.0,260.0,337.0,54445.0
1136,104,2976,3968,batch_12/000045.jpg,Clear plastic bottle,Bottle,1377.0,1499.0,94.0,132.0,7233.0
1194,105,2988,5312,batch_12/000052.jpg,Disposable plastic cup,Cup,1011.0,1589.0,824.0,782.0,490438.0
1195,106,2988,5312,batch_12/000053.jpg,Drink can,Can,204.0,2055.0,2083.0,1707.0,1683480.0
1196,107,2988,5312,batch_12/000054.jpg,Disposable plastic cup,Cup,978.0,1615.0,982.0,793.0,564021.0
1200,108,4160,3120,batch_12/000056.jpg,Other plastic wrapper,Plastic bag & wrapper,1169.0,286.0,1495.0,1920.0,1149914.5
1223,109,4560,2160,batch_12/000060.jpg,Other plastic wrapper,Plastic bag & wrapper,1862.0,785.40906,484.0,418.21774000000005,96017.647395
1301,110,2368,4208,batch_12/000064.jpg,Plastic film,Plastic bag & wrapper,1131.9558,2074.0,570.4818,642.0,203620.94015
1302,111,2368,4208,batch_12/000065.jpg,Plastic film,Plastic bag & wrapper,1041.0,2305.0,670.0,608.0,284287.5
1309,112,2368,4208,batch_12/000068.jpg,Glass bottle,Bottle,167.21175,1527.0,1934.44965,870.0,781529.6860500001
1310,113,2368,4208,batch_12/000069.jpg,Single-use carrier bag,Plastic bag & wrapper,467.39468,1192.0,1744.47302,1845.0,1684543.9375849997
1311,114,2368,4208,batch_12/000070.jpg,Plastic film,Plastic bag & wrapper,502.42425999999995,1363.0,1360.1485400000001,1313.0,1108972.44317
1312,115,1512,2016,batch_12/000071.jpg,Single-use carrier bag,Plastic bag & wrapper,437.0,709.0,621.0,736.0,321064.0
1313,116,3120,4160,batch_12/000072.jpg,Disposable plastic cup,Cup,1039.0,1287.0,1081.0,1500.0,1092646.5
1314,117,3120,4160,batch_12/000073.jpg,Plastic film,Plastic bag & wrapper,274.0,1261.0,2157.0,2028.0,2697243.0
1326,118,4160,3120,batch_12/000076.jpg,Drink can,Can,1737.0,1019.0,1411.0,781.0,960169.0
1329,119,4160,3120,batch_12/000078.jpg,Other plastic wrapper,Plastic bag & wrapper,626.0,955.5,3124.0,2139.5,3693554.75
1332,120,4160,3120,batch_12/000080.jpg,Normal paper,Paper,1582.75,1241.5,1982.5,1085.5,1600852.5
1333,121,4160,3120,batch_12/000081.jpg,Other plastic wrapper,Plastic bag & wrapper,60.0,907.0,3109.0,1767.0,3019201.25
1334,122,3120,4160,batch_12/000082.jpg,Other plastic wrapper,Plastic bag & wrapper,474.0,188.0,1473.0,3482.0,2156218.0
1335,123,4160,3120,batch_12/000083.jpg,Plastic film,Plastic bag & wrapper,1128.0,478.0,2142.0,1563.0,1800429.0
1420,124,3120,4160,batch_12/000096.jpg,Single-use carrier bag,Plastic bag & wrapper,574.0,1019.0,1773.0,1931.0,2246110.0
1424,125,4160,3120,batch_12/000098.jpg,Normal paper,Paper,1131.0,1170.0,2554.5,1410.5,2190345.625
1425,126,4160,3120,batch_12/000099.jpg,Plastic film,Plastic bag & wrapper,1303.0,197.0,2347.0,2726.0,1761106.5
1426,127,4160,3120,batch_13/000000.jpg,Unlabeled litter,Unlabeled litter,1613.0,1156.0,1376.0,963.0,582296.0
1441,128,3120,4160,batch_13/000006.jpg,Other plastic wrapper,Plastic bag & wrapper,1943.0,1892.0,295.0,152.0,28686.0
1458,129,4160,3120,batch_13/000011.jpg,Single-use carrier bag,Plastic bag & wrapper,1435.0,1622.0,142.0,28.0,2439.0
1459,130,4160,3120,batch_13/000012.jpg,Plastic bottle cap,Bottle cap,1925.5,1307.0,748.0,764.0,440881.0
1482,131,3120,4160,batch_13/000017.jpg,Disposable plastic cup,Cup,1111.5,1532.0,1147.5,1679.0,1107797.0
1483,132,3120,4160,batch_13/000018.jpg,Other plastic wrapper,Plastic bag & wrapper,731.0,1316.0,1380.0,1884.0,2086638.5
1495,133,4208,2368,batch_13/000021.jpg,Plastic straw,Straw,1443.0,1157.4888,1768.0,306.1291999999998,110774.71574999994
1504,134,4208,2368,batch_13/000023.jpg,Other plastic wrapper,Plastic bag & wrapper,2338.0,693.5857,658.0,863.7294,363855.29468
1505,135,4160,3120,batch_13/000024.jpg,Plastic film,Plastic bag & wrapper,1633.9524,1117.619,960.0000000000003,1085.0001,588148.51025
1550,136,3120,4160,batch_13/000029.jpg,Styrofoam piece,Styrofoam piece,302.0,2140.0,2789.0,1155.0,1613484.0
1551,137,3120,4160,batch_13/000030.jpg,Rope & strings,Rope & strings,559.0,1871.0,2034.0,1391.0,1782984.0
1556,138,3120,4160,batch_13/000033.jpg,Aluminium foil,Aluminium foil,392.0,1314.0,1862.0,1665.0,1441040.0
1564,139,3120,4160,batch_13/000037.jpg,Drink can,Can,1226.0156,1623.1406,570.0,1518.0000000000002,806341.5000000001
1565,140,3120,4160,batch_13/000038.jpg,Plastic film,Plastic bag & wrapper,955.0,1402.0,1023.0,2100.0,1505589.0
1568,141,3120,4160,batch_13/000040.jpg,Other plastic wrapper,Plastic bag & wrapper,821.0,1428.0,1519.0,2346.0,2672527.0
1571,142,3120,4160,batch_13/000042.jpg,Clear plastic bottle,Bottle,972.1905,1138.2856,892.9998999999998,2246.2384,1482282.82679999
1581,143,4160,3120,batch_13/000046.jpg,Plastic film,Plastic bag & wrapper,945.0,184.0,2428.0,2446.0,4322330.0
1590,144,4160,3120,batch_13/000051.jpg,Other plastic wrapper,Plastic bag & wrapper,1751.0,916.0,1523.0,1484.0,1025564.5
1625,145,3120,4160,batch_13/000057.jpg,Other plastic wrapper,Plastic bag & wrapper,1127.0,1086.0,695.0,2755.0,1284613.0
1626,146,4160,3120,batch_13/000058.jpg,Plastic film,Plastic bag & wrapper,1554.0,1040.0,2181.0,1220.3335000000004,809338.0725000001
1639,147,3120,4160,batch_13/000061.jpg,Other plastic wrapper,Plastic bag & wrapper,312.0,1064.0,2618.0,1598.0,2289257.0
1641,148,3120,4160,batch_13/000063.jpg,Styrofoam piece,Styrofoam piece,320.0,1490.0,2339.0,1969.0,2903887.5
1643,149,3120,4160,batch_13/000065.jpg,Plastic film,Plastic bag & wrapper,1.0,971.0,2514.0,3188.0,5810061.0
1644,150,4160,3120,batch_13/000066.jpg,Metal bottle cap,Bottle cap,1168.0,858.0,901.0,894.0,627749.0
1645,151,4160,3120,batch_13/000067.jpg,Glass bottle,Bottle,395.0,1032.0,3758.0,1042.0,3044175.0
1646,152,3120,4160,batch_13/000068.jpg,Other plastic,Other plastic,1376.0,2390.0,686.0,594.0,239935.0
1647,153,4160,3120,batch_13/000069.jpg,Unlabeled litter,Unlabeled litter,744.0,534.0,2722.0,2583.0,2723855.5
1649,154,3120,4160,batch_13/000071.jpg,Other carton,Carton,1160.0,1501.0,1312.0,1694.0,1298086.5
1650,155,3120,4160,batch_13/000072.jpg,Other plastic,Other plastic,1035.0,2106.0,850.0,325.0,104759.0
1651,156,4160,3120,batch_13/000073.jpg,Plastic bottle cap,Bottle cap,1679.0,1010.0,740.0,750.0,432458.5
1652,157,4160,3120,batch_13/000074.jpg,Plastic film,Plastic bag & wrapper,915.0,318.0,1749.0,2170.0,2301606.0
1653,158,4160,3120,batch_13/000075.jpg,Other plastic,Other plastic,1110.0,281.0,1447.0,2007.0,1788758.75
1654,159,3120,4160,batch_13/000076.jpg,Plastic film,Plastic bag & wrapper,969.0,1002.0,1321.0,2816.0,2088326.0
1655,160,3120,4160,batch_13/000077.jpg,Metal bottle cap,Bottle cap,1020.0,1488.0,939.0,959.0,694328.0
1658,161,3120,4160,batch_13/000079.jpg,Metal bottle cap,Bottle cap,1307.0,1082.0,1028.0,1010.0,788932.5
1661,162,3120,4160,batch_13/000081.jpg,Metal bottle cap,Bottle cap,939.0,1670.0,1075.0,1065.0,891560.0
1662,163,3120,4160,batch_13/000082.jpg,Drink can,Can,893.0,831.0,1190.0,2525.0,2729814.5
1676,164,3120,4160,batch_13/000085.jpg,Plastic film,Plastic bag & wrapper,706.0,1378.0,1708.0,1179.0,1423674.5
1677,165,3120,4160,batch_13/000086.jpg,Clear plastic bottle,Bottle,990.0,628.0,1360.0,2420.0,1798219.0
1681,166,4160,3120,batch_13/000088.jpg,Drink can,Can,807.0,512.0,2247.0,1260.0,2219156.0
1689,167,4160,3120,batch_13/000093.jpg,Clear plastic bottle,Bottle,40.0,450.0,3688.0,1498.0,4376761.0
1695,168,4160,3120,batch_13/000096.jpg,Other plastic,Other plastic,739.0,800.0,2652.0,1764.0,2875968.5
1699,169,4160,3120,batch_13/000099.jpg,Plastic film,Plastic bag & wrapper,1036.0,1.0,1928.0,3118.0,2450147.0
1700,170,4160,3120,batch_14/000000.jpg,Other plastic wrapper,Plastic bag & wrapper,885.0,599.0,2554.0,1347.0,2708582.5
1701,171,4160,3120,batch_14/000001.jpg,Disposable plastic cup,Cup,1270.0,791.0,1807.0,1790.0,1744541.5
1706,172,4160,3120,batch_14/000004.jpg,Other plastic wrapper,Plastic bag & wrapper,534.0,354.0,3072.0,2464.0,6691856.5
1707,173,3120,4160,batch_14/000005.jpg,Plastic straw,Straw,529.0,877.0,1941.0,2980.0,533176.0
1712,174,3120,4160,batch_14/000008.jpg,Metal bottle cap,Bottle cap,1202.9048,1635.0,1084.9999999999998,1066.0,887202.4999999999
1715,175,4160,3120,batch_14/000010.jpg,Plastic film,Plastic bag & wrapper,253.0,958.0,2611.0,1262.0,2431018.5
1717,176,4160,3120,batch_14/000012.jpg,Plastic film,Plastic bag & wrapper,591.6667,32.047607,3557.4283000000005,2803.761993,2252708.77612656
1725,177,4160,3120,batch_14/000017.jpg,Other carton,Carton,601.0,619.0,2709.0,1932.0,2516546.25
1726,178,4160,3120,batch_14/000018.jpg,Plastic film,Plastic bag & wrapper,1445.0,1078.0,903.0,877.0,495670.0
1729,179,4160,3120,batch_14/000020.jpg,Other carton,Carton,579.0,517.0,2956.0,2400.0,3782530.5
1741,180,3120,4160,batch_14/000024.jpg,Drink can,Can,1221.0,2156.0,806.0,1030.0,402971.5
1744,181,3024,4032,batch_14/000026.jpg,Plastic film,Plastic bag & wrapper,1482.0,2023.0,563.0,287.0,69715.0
1745,182,3024,4032,batch_14/000027.jpg,Plastic film,Plastic bag & wrapper,627.0,2099.0,757.0,678.0,130851.5
1746,183,3024,4032,batch_14/000028.jpg,Plastic film,Plastic bag & wrapper,684.0,1423.0,1310.0,588.0,453026.5
1747,184,3024,4032,batch_14/000029.jpg,Plastic bottle cap,Bottle cap,1245.9524,2700.7144,422.0,433.0,140016.0
1748,185,3024,4032,batch_14/000030.jpg,Plastic bottle cap,Bottle cap,1206.0,2049.0,449.0,441.0,150920.5
1749,186,3024,4032,batch_14/000031.jpg,Disposable plastic cup,Cup,1137.0,2010.0,1883.0,1484.0,2040649.0
1752,187,3024,4032,batch_14/000033.jpg,Disposable plastic cup,Cup,1440.0,2568.0,216.0,200.0,32973.0
1753,188,3024,4032,batch_14/000034.jpg,Plastic film,Plastic bag & wrapper,1311.0,1763.0,361.0,528.0,155362.0
1754,189,3024,4032,batch_14/000035.jpg,Other plastic wrapper,Plastic bag & wrapper,792.3919999999997,1844.6334,1114.0001000000002,516.9999,303924.8844999901
1760,190,3024,4032,batch_14/000038.jpg,Glass bottle,Bottle,876.1905,1597.524,1109.9998999999998,809.9998,300830.84760001
1761,191,3024,4032,batch_14/000039.jpg,Glass bottle,Bottle,852.0,1713.0,1206.0,1123.0,452806.5
1762,192,3024,4032,batch_14/000040.jpg,Metal bottle cap,Bottle cap,1039.0,2148.0,319.0,307.0,69831.5
1763,193,3024,4032,batch_14/000041.jpg,Plastic straw,Straw,960.0,1665.0,416.0,1233.0,56077.5
1769,194,3024,4032,batch_14/000044.jpg,Metal bottle cap,Bottle cap,1112.0,1982.0,416.0,424.0,137059.5
1772,195,4032,3024,batch_14/000046.jpg,Unlabeled litter,Unlabeled litter,1612.0,1181.0,1181.0,683.0,484787.5
1780,196,3024,4032,batch_14/000050.jpg,Unlabeled litter,Unlabeled litter,542.0,3319.0,2482.0,711.0,1350412.5
1781,197,4032,3024,batch_14/000051.jpg,Plastic bottle cap,Bottle cap,2332.0,1607.0,461.0,326.0,126236.0
1784,198,4032,3024,batch_14/000053.jpg,Other plastic,Other plastic,1837.0,2158.0,1702.0,661.0,498157.0
1785,199,4032,3024,batch_14/000054.jpg,Other plastic,Other plastic,2508.0,2278.0,600.0,173.0,60070.5
1786,200,3024,4032,batch_14/000055.jpg,Rope & strings,Rope & strings,769.0,574.0,1136.0,2920.0,172947.5
1787,201,3024,4032,batch_14/000056.jpg,Plastic bottle cap,Bottle cap,889.0,1487.0,1062.0,1218.0,889491.9500000002
1788,202,4032,3024,batch_14/000057.jpg,Plastic film,Plastic bag & wrapper,1626.0,1762.0,2136.0,584.0,570541.0
1789,203,4032,3024,batch_14/000058.jpg,Styrofoam piece,Styrofoam piece,1037.1904,945.4287,1453.6668,1170.3809,1045767.3804008
1790,204,3024,4032,batch_14/000059.jpg,Other carton,Carton,1168.0,1620.0,440.0,547.0,122962.0
1791,205,3024,4032,batch_14/000060.jpg,Other plastic,Other plastic,824.0,1413.0,914.0,1256.0,276311.4450000001
1792,206,3024,4032,batch_14/000061.jpg,Normal paper,Paper,638.0,1790.0,1467.0,1216.0,970862.5
1795,207,3024,4032,batch_14/000063.jpg,Unlabeled litter,Unlabeled litter,989.0,1773.0,521.0,499.0,88341.0
1796,208,3024,4032,batch_14/000064.jpg,Plastic film,Plastic bag & wrapper,928.0,1567.0,1047.0,1473.0,929940.82
1797,209,3024,4032,batch_14/000065.jpg,Other plastic wrapper,Plastic bag & wrapper,1080.0,1439.0,687.0,975.0,332210.5
1798,210,3024,4032,batch_14/000066.jpg,Disposable plastic cup,Cup,386.0,1415.0,1562.0,1231.0,767427.0
1802,211,3024,4032,batch_14/000068.jpg,Other plastic wrapper,Plastic bag & wrapper,982.8,2031.75,774.9000000000002,554.4000000000002,151595.955
1805,212,3024,4032,batch_14/000070.jpg,Other plastic,Other plastic,1060.0,2167.0,940.0,135.0,89447.5
1808,213,3024,4032,batch_14/000072.jpg,Normal paper,Paper,221.0,2237.0,799.0,1175.0,404810.5
1809,214,3024,4032,batch_14/000073.jpg,Other plastic,Other plastic,1377.0,1841.0,583.0,583.0,245592.5
1810,215,3024,4032,batch_14/000074.jpg,Styrofoam piece,Styrofoam piece,690.0,2452.0,813.0,944.0,361010.5
1811,216,3024,4032,batch_14/000075.jpg,Metal bottle cap,Bottle cap,1250.0,2049.0,459.0,455.0,163826.0
1812,217,3024,4032,batch_14/000076.jpg,Unlabeled litter,Unlabeled litter,934.0,2267.0,576.0,286.0,110481.5
1815,218,3024,4032,batch_14/000078.jpg,Plastic bottle cap,Bottle cap,1412.0,2856.0,274.0,266.0,47991.0
1820,219,3024,4032,batch_14/000080.jpg,Other plastic,Other plastic,1696.0,2223.0,159.0,191.0,23854.0
1827,220,3024,4032,batch_14/000082.jpg,Unlabeled litter,Unlabeled litter,1450.0,1754.0,586.0,1379.0,434125.5
1830,221,3024,4032,batch_14/000084.jpg,Other plastic wrapper,Plastic bag & wrapper,1324.0,2115.0,505.0,330.0,45429.5
1831,222,3024,4032,batch_14/000085.jpg,Other plastic wrapper,Plastic bag & wrapper,1287.0,2951.0,199.0,222.0,30474.5
1832,223,3024,4032,batch_14/000086.jpg,Plastic film,Plastic bag & wrapper,1152.1428,1268.2856,376.0,477.0,123008.0
1838,224,3024,4032,batch_14/000089.jpg,Other plastic wrapper,Plastic bag & wrapper,1387.0,2755.0,453.0,646.0,52540.5
1839,225,3024,4032,batch_14/000090.jpg,Other plastic wrapper,Plastic bag & wrapper,1073.0,1935.0,139.0,325.0,32242.0
1840,226,3024,4032,batch_14/000091.jpg,Plastic bottle cap,Bottle cap,1435.0,2140.5,329.0,344.0,89400.5
1849,227,3024,4032,batch_14/000095.jpg,Normal paper,Paper,1328.0,2677.0,325.0,268.0,48314.0
1850,228,3024,4032,batch_14/000096.jpg,Glass bottle,Bottle,934.0,3067.0,906.0,587.0,196153.5
1888,229,3024,4032,batch_15/000001.jpg,Plastic bottle cap,Bottle cap,1063.0,2602.0,194.0,178.0,24266.0
2080,230,3024,4032,batch_15/000037.jpg,Paper cup,Cup,1114.0,2016.0,298.0,290.0,49394.0
2084,231,3024,4032,batch_15/000039.jpg,Other plastic wrapper,Plastic bag & wrapper,1258.0,2249.0,340.0,346.0,56618.0
2085,232,3024,4032,batch_15/000040.jpg,Disposable plastic cup,Cup,1231.0,2246.0,356.0,360.0,78185.5
2088,233,3024,4032,batch_15/000042.jpg,Disposable plastic cup,Cup,1533.0,2213.0,312.0,333.0,67954.5
2089,234,1536,2048,batch_15/000043.jpg,Other plastic,Other plastic,628.0,1019.0,116.0,261.0,5942.0
2090,235,1536,2048,batch_15/000044.jpg,Metal bottle cap,Bottle cap,595.0,1112.0476,150.0,158.0,18455.5
2091,236,1536,2048,batch_15/000045.jpg,Styrofoam piece,Styrofoam piece,610.0,1030.0,223.0,190.0,27202.0
2092,237,3264,2448,batch_15/000046.jpg,Other plastic,Other plastic,1408.0,814.0,609.0,505.0,181487.5
2103,238,3024,4032,batch_15/000050.jpg,Glass bottle,Bottle,1129.0,1254.0,644.0,2207.0,1049783.0
2116,239,3024,4032,batch_15/000054.jpg,Plastic bottle cap,Bottle cap,1368.0,2099.0,420.0,465.0,151360.0
2128,240,3024,4032,batch_15/000059.jpg,Plastic straw,Straw,1477.0,652.0,724.0,2416.0,183403.0
2129,241,1536,2048,batch_15/000060.jpg,Plastic straw,Straw,724.0,785.0,39.0,897.0,20159.5
2156,242,1536,2048,batch_15/000067.jpg,Metal bottle cap,Bottle cap,704.0,1282.0476,156.0,155.0,18403.5
2157,243,1536,2048,batch_15/000068.jpg,Metal bottle cap,Bottle cap,582.0,949.0,228.0,216.0,38285.0
2158,244,1536,2048,batch_15/000069.jpg,Plastic straw,Straw,474.0,452.0,429.0,1306.0,42753.0
2159,245,1536,2048,batch_15/000070.jpg,Plastic straw,Straw,405.0,1118.0,835.0,83.0,20152.5
2187,246,2448,3264,batch_15/000079.jpg,Other plastic wrapper,Plastic bag & wrapper,926.3472,1661.3298,541.9999700000002,636.0,110884.99352000002
2191,247,1536,2048,batch_15/000081.jpg,Other plastic wrapper,Plastic bag & wrapper,837.0,893.0,152.0,174.0,21238.5
2192,248,1536,2048,batch_15/000082.jpg,Normal paper,Paper,598.0,971.0,149.0,184.0,14125.0
2193,249,1536,2048,batch_15/000083.jpg,Paper cup,Cup,398.0,593.0,832.0,756.0,469191.5
2211,250,2448,3264,batch_2/000006.JPG,Crisp packet,Plastic bag & wrapper,1265.0,1387.0,524.0,608.0,241543.5
2229,251,2448,3264,batch_2/000015.JPG,Other carton,Carton,1239.0,1706.0,479.0,338.0,98012.0
2230,252,2448,3264,batch_2/000016.JPG,Crisp packet,Plastic bag & wrapper,1087.0,1476.0,471.0,478.0,145423.5
2232,253,2448,3264,batch_2/000018.JPG,Clear plastic bottle,Bottle,989.0,733.0,124.0,50.0,3939.0
2233,254,3264,2448,batch_2/000019.JPG,Clear plastic bottle,Bottle,1633.0,920.0,109.0,41.0,3584.5
2234,255,3264,2448,batch_2/000020.JPG,Other plastic wrapper,Plastic bag & wrapper,1754.0,1042.0,216.0,143.0,22104.5
2299,256,2448,3264,batch_2/000040.JPG,Disposable plastic cup,Cup,1336.0,1016.0,115.0,86.0,5451.5
2309,257,2448,3264,batch_2/000046.JPG,Drink can,Can,1000.0,1594.0,215.0,94.0,15882.5
2379,258,2448,3264,batch_2/000056.JPG,Crisp packet,Plastic bag & wrapper,791.0,1492.0,323.0,379.0,75369.0
2380,259,2448,3264,batch_2/000057.JPG,Other plastic wrapper,Plastic bag & wrapper,1104.0,1026.0,193.0,124.0,14486.5
2381,260,2448,3264,batch_2/000058.JPG,Other plastic wrapper,Plastic bag & wrapper,1076.0,1168.0,287.0,332.0,52718.0
2386,261,3264,2448,batch_2/000060.JPG,Unlabeled litter,Unlabeled litter,1355.0,907.0,242.0,197.0,5903.0
2387,262,3264,2448,batch_2/000061.JPG,Other plastic,Other plastic,1581.0,1404.0,177.0,155.0,21518.5
2388,263,3264,2448,batch_2/000062.JPG,Metal bottle cap,Bottle cap,1702.0,856.0,226.0,215.0,36343.5
2389,264,3264,2448,batch_2/000063.JPG,Metal bottle cap,Bottle cap,1578.0,1512.0,118.0,118.0,10255.0
2390,265,3264,2448,batch_2/000064.JPG,Normal paper,Paper,0.0,1503.0,394.0,380.0,77622.0
2393,266,3264,2448,batch_2/000067.JPG,Other plastic wrapper,Plastic bag & wrapper,1525.0,1206.0,518.0,220.0,51497.5
2397,267,3264,2448,batch_2/000069.JPG,Other carton,Carton,1077.0,1105.0,699.0,610.0,199257.0
2398,268,3264,2448,batch_2/000070.JPG,Crisp packet,Plastic bag & wrapper,965.0,1529.0,314.0,365.0,93257.5
2399,269,2448,3264,batch_2/000071.JPG,Plastic straw,Straw,1108.0,2154.0,225.0,388.0,6556.5
2400,270,3264,2448,batch_2/000072.JPG,Plastic bottle cap,Bottle cap,2165.0,1445.0,107.0,102.0,8414.5
2437,271,2448,3264,batch_2/000083.JPG,Other carton,Carton,1115.0,1480.0,312.0,257.0,48364.0
2438,272,2448,3264,batch_2/000085.JPG,Plastic straw,Straw,1300.0,918.0,204.0,575.0,13651.0
2441,273,2442,2597,batch_2/000014.JPG,Other plastic wrapper,Plastic bag & wrapper,750.0,1553.0,450.0,799.0,143653.0
2458,274,3264,2448,batch_2/000089.JPG,Plastic film,Plastic bag & wrapper,1641.0,859.0,610.0,180.0,66199.0
2459,275,3264,2448,batch_2/000090.JPG,Plastic film,Plastic bag & wrapper,1538.0,1583.0,436.0,220.0,41840.0
2460,276,3264,2448,batch_2/000091.JPG,Other plastic wrapper,Plastic bag & wrapper,1626.0,1383.0,421.0,239.0,50939.0
2461,277,3264,2448,batch_2/000092.JPG,Other plastic wrapper,Plastic bag & wrapper,1310.0,941.0,392.0,370.0,104601.5
2462,278,2448,3264,batch_2/000093.JPG,Plastic bottle cap,Bottle cap,1135.0,1772.0,90.0,86.0,4812.5
2463,279,3264,2448,batch_2/000094.JPG,Crisp packet,Plastic bag & wrapper,1592.0,1000.0,559.0,450.0,134686.5
2464,280,3264,2448,batch_2/000095.JPG,Crisp packet,Plastic bag & wrapper,1482.0,711.0,581.0,536.0,202896.0
2476,281,2448,3264,batch_2/000099.JPG,Single-use carrier bag,Plastic bag & wrapper,1130.0,1066.0,551.0,376.0,157865.5
2487,282,2448,3264,batch_3/IMG_4977.JPG,Drink can,Can,1155.0,1733.0,261.0,265.0,38243.5
2503,283,2448,3264,batch_3/IMG_4998.JPG,Drink can,Can,1129.0,1456.0,328.0,154.0,40325.0
2528,284,2448,3264,batch_3/IMG_5040.JPG,Crisp packet,Plastic bag & wrapper,570.0,1226.0,1464.0,1282.0,991967.5
2529,285,2448,3264,batch_3/IMG_5041.JPG,Crisp packet,Plastic bag & wrapper,1340.0,989.0,964.0,1447.0,775798.0
2530,286,2448,3264,batch_3/IMG_5042.JPG,Glass bottle,Bottle,1445.0,1048.0,457.0,1110.0,343685.5
2531,287,2448,3264,batch_3/IMG_5043.JPG,Clear plastic bottle,Bottle,383.0,1252.0,1417.0,699.0,443664.5
2532,288,2448,3264,batch_3/IMG_5044.JPG,Other carton,Carton,1131.0,2119.0,607.0,937.0,334603.5
2539,289,2448,3264,batch_3/IMG_5048.JPG,Other plastic wrapper,Plastic bag & wrapper,1341.0,1166.0,103.0,234.0,14748.5
2540,290,2448,3264,batch_3/IMG_5049.JPG,Plastic film,Plastic bag & wrapper,145.0,286.0,1433.0,2103.0,1458523.5
2557,291,2448,3264,batch_3/IMG_5056.JPG,Disposable plastic cup,Cup,919.0,1548.0,387.0,392.0,98477.5
2558,292,2448,3264,batch_3/IMG_5057.JPG,Drink can,Can,1190.0,1762.0,119.0,61.0,6341.0
2559,293,2448,3264,batch_3/IMG_5058.JPG,Drink can,Can,787.0,1398.0,314.0,245.0,46368.5
2566,294,3264,2448,batch_3/IMG_4854.JPG,Paper cup,Cup,1793.0,978.0,392.0,406.0,88519.0
2567,295,3264,2448,batch_3/IMG_4855.JPG,Other carton,Carton,1245.0,956.0,349.0,406.0,42696.0
2568,296,3264,2448,batch_3/IMG_4856.JPG,Plastic film,Plastic bag & wrapper,1647.0,985.0,302.0,232.0,45182.5
2587,297,2448,3264,batch_3/IMG_4869.JPG,Plastic film,Plastic bag & wrapper,351.0,921.0,1781.0,1601.0,2181929.5
2615,298,2448,3264,batch_3/IMG_4898.JPG,Single-use carrier bag,Plastic bag & wrapper,1095.0,2212.0,853.0,884.0,577991.0
2639,299,2448,3264,batch_3/IMG_4917.JPG,Metal bottle cap,Bottle cap,1771.0,1371.0,109.0,94.0,7927.0
2651,300,2448,3264,batch_3/IMG_4926.JPG,Aluminium foil,Aluminium foil,626.0,1226.0,1270.0,1541.0,745904.5
2690,301,3264,2448,batch_3/IMG_4963.JPG,Clear plastic bottle,Bottle,1327.0,1254.0,293.0,239.0,32908.5
2691,302,3264,2448,batch_3/IMG_4964.JPG,Plastic film,Plastic bag & wrapper,1305.0,1162.0,107.0,101.0,7286.5
2692,303,3264,2448,batch_3/IMG_4965.JPG,Single-use carrier bag,Plastic bag & wrapper,1977.0,1067.0,579.0,603.0,170524.0
2713,304,2448,3264,batch_3/IMG_4971.JPG,Plastic bottle cap,Bottle cap,1068.0,2512.0,216.0,235.0,39633.5
2717,305,2448,3011,batch_3/IMG_4929.JPG,Plastic film,Plastic bag & wrapper,827.0,1890.0,425.0,456.0,84994.5
2721,306,3264,2290,batch_3/IMG_4857.JPG,Paper cup,Cup,1533.0,742.0,261.0,233.0,41146.0
2739,307,2448,2858,batch_3/IMG_5037.JPG,Plastic film,Plastic bag & wrapper,996.0,1833.0,316.0,356.0,66990.0
2746,308,3264,2448,batch_3/IMG_5065.JPG,Other plastic wrapper,Plastic bag & wrapper,826.0,679.0,1496.0,991.0,1399000.5
2768,309,3264,2448,batch_4/000067.JPG,Plastic straw,Straw,1680.0,1430.0,374.0,677.0,38153.0
2774,310,2448,3264,batch_4/000000.JPG,Plastic bottle cap,Bottle cap,1430.0,1109.0,70.0,65.0,3583.0
2790,311,2448,3264,batch_4/000003.JPG,Plastic bottle cap,Bottle cap,840.0,1028.0,159.0,158.0,20093.5
2800,312,2448,3264,batch_4/000006.JPG,Other plastic,Other plastic,1331.0,2671.0,343.0,193.0,33363.5
2801,313,2448,3264,batch_4/000007.JPG,Plastic film,Plastic bag & wrapper,688.0,1215.0,303.0,171.0,23969.0
2802,314,2448,3264,batch_4/000008.JPG,Plastic straw,Straw,1095.0,1381.0,442.0,511.0,16786.5
2803,315,2448,3264,batch_4/000009.JPG,Other plastic,Other plastic,894.0,1606.0,471.0,108.0,10716.5
2810,316,2448,3264,batch_4/000012.JPG,Other plastic,Other plastic,881.0,1456.0,759.0,528.0,104433.5
2811,317,2448,3264,batch_4/000013.JPG,Plastic bottle cap,Bottle cap,691.0,1323.0,281.0,274.0,60219.0
2814,318,2448,3264,batch_4/000015.JPG,Plastic film,Plastic bag & wrapper,962.0,2331.0,288.0,265.0,56622.5
2815,319,3264,2448,batch_4/000016.JPG,Other plastic,Other plastic,979.0,1151.0,260.0,394.0,42200.5
2816,320,2448,3264,batch_4/000018.JPG,Other plastic,Other plastic,513.0,1300.0,640.0,484.0,168129.0
2817,321,3264,2448,batch_4/000019.JPG,Other plastic,Other plastic,2358.0,1359.0,227.0,144.0,20960.0
2818,322,2448,3264,batch_4/000020.JPG,Plastic film,Plastic bag & wrapper,928.0,1619.0,384.0,234.0,43734.0
2819,323,3264,2448,batch_4/000021.JPG,Other plastic,Other plastic,1599.0,1234.0,215.0,217.0,12161.0
2820,324,2448,3264,batch_4/000022.JPG,Other plastic,Other plastic,874.0,1461.0,125.0,92.0,4332.5
2821,325,3264,2448,batch_4/000023.JPG,Plastic bottle cap,Bottle cap,2069.0,1254.0,206.0,121.0,18818.5
2822,326,2448,3264,batch_4/000025.JPG,Plastic film,Plastic bag & wrapper,939.0,725.0,167.0,187.0,17804.0
2824,327,2448,3264,batch_4/000027.JPG,Other plastic,Other plastic,912.0,1952.0,369.0,291.0,61880.5
2834,328,3264,2448,batch_4/000034.JPG,Styrofoam piece,Styrofoam piece,1252.0,1028.0,67.0,132.0,7428.0
2837,329,2448,3264,batch_4/000036.JPG,Other plastic,Other plastic,750.0,1540.0,317.0,331.0,4440.5
2838,330,2448,3264,batch_4/000037.JPG,Rope & strings,Rope & strings,799.0,1811.0,80.0,44.0,1648.5
2839,331,3264,2448,batch_4/000039.JPG,Disposable plastic cup,Cup,624.0,1087.0,796.0,338.0,84724.0
2840,332,2448,3264,batch_4/000040.JPG,Disposable plastic cup,Cup,1163.0,2064.0,373.0,488.0,70258.0
2841,333,2448,3264,batch_4/000041.JPG,Rope & strings,Rope & strings,879.0,858.0,261.0,407.0,31386.0
2842,334,2448,3264,batch_4/000042.JPG,Normal paper,Paper,167.0,1399.0,449.0,340.0,95817.0
2843,335,2448,3264,batch_4/000043.JPG,Plastic straw,Straw,180.0,1026.0,1250.0,209.0,30291.0
2849,336,2448,3264,batch_4/000047.JPG,Rope & strings,Rope & strings,86.0,1961.0,2360.0,740.0,120932.0
2850,337,2448,3264,batch_4/000048.JPG,Plastic film,Plastic bag & wrapper,846.0,1779.0,404.0,200.0,41050.0
2851,338,2448,3264,batch_4/000049.JPG,Other plastic,Other plastic,905.0,1798.0,260.0,426.0,63366.5
2852,339,2448,3264,batch_4/000050.JPG,Aluminium foil,Aluminium foil,910.0,1680.0,66.0,110.0,4082.5
2853,340,2448,3264,batch_4/000051.JPG,Aluminium foil,Aluminium foil,1052.0,1800.0,227.0,237.0,26363.5
2854,341,2448,3264,batch_4/000052.JPG,Plastic film,Plastic bag & wrapper,433.0,1314.0,696.0,612.0,190575.0
2855,342,3264,2448,batch_4/000053.JPG,Plastic film,Plastic bag & wrapper,1621.0,1611.0,481.0,434.0,104907.5
2860,343,3264,2448,batch_4/000055.JPG,Rope & strings,Rope & strings,1129.0,919.0,423.0,1258.0,67060.5
2861,344,3264,2448,batch_4/000056.JPG,Other plastic,Other plastic,1898.0,1563.0,215.0,93.0,8461.0
2862,345,2448,3264,batch_4/000057.JPG,Other plastic,Other plastic,755.0,1514.0,327.0,91.0,4872.0
2865,346,2448,3264,batch_4/000059.JPG,Other plastic,Other plastic,1259.0,1654.0,496.0,264.0,17706.5
2866,347,3264,2448,batch_4/000060.JPG,Other plastic,Other plastic,2377.0,957.0,380.0,270.0,55507.5
2867,348,2448,3264,batch_4/000061.JPG,Plastic bottle cap,Bottle cap,909.0,1742.0,183.0,227.0,26923.0
2868,349,2448,3264,batch_4/000062.JPG,Plastic bottle cap,Bottle cap,682.0,2610.0,247.0,233.0,33250.0
2869,350,2448,3264,batch_4/000063.JPG,Plastic film,Plastic bag & wrapper,1256.0,1593.0,131.0,436.0,30383.0
2870,351,3264,2448,batch_4/000064.JPG,Rope & strings,Rope & strings,1773.0,1325.0,241.0,555.0,28500.0
2873,352,2448,3264,batch_4/000068.JPG,Other plastic,Other plastic,1273.0,1945.0,303.0,232.0,47026.0
2874,353,3264,2448,batch_4/000069.JPG,Metal bottle cap,Bottle cap,1059.0,1403.0,241.0,152.0,28954.5
2875,354,3264,2448,batch_4/000070.JPG,Metal bottle cap,Bottle cap,2116.0,1449.0,337.0,331.0,80417.5
2877,355,3264,2448,batch_4/000072.JPG,Styrofoam piece,Styrofoam piece,991.0,1540.0,850.0,648.0,361461.5
2880,356,3264,2448,batch_4/000074.JPG,Plastic bottle cap,Bottle cap,2060.0,1048.0,93.0,99.0,5432.5
2881,357,3264,2448,batch_4/000076.JPG,Plastic film,Plastic bag & wrapper,1617.0,1030.0,445.0,348.0,38435.0
2882,358,3264,2448,batch_4/000077.JPG,Plastic film,Plastic bag & wrapper,1283.0,1624.0,474.0,304.0,70612.5
2883,359,3264,2448,batch_4/000079.JPG,Plastic film,Plastic bag & wrapper,1155.0,1593.0,217.0,200.0,20449.0
2889,360,3264,2448,batch_4/000083.JPG,Styrofoam piece,Styrofoam piece,1988.0,1290.0,143.0,341.0,21531.5
2890,361,3264,2448,batch_4/000084.JPG,Plastic film,Plastic bag & wrapper,1498.0,1121.0,109.0,203.0,12069.5
2904,362,2448,3264,batch_4/000089.JPG,Other plastic wrapper,Plastic bag & wrapper,1041.0,1840.0,286.0,218.0,51619.0
2905,363,2448,3264,batch_4/000090.JPG,Plastic straw,Straw,1120.0,2024.0,142.0,50.0,1062.5
2906,364,2448,3264,batch_4/000092.JPG,Other plastic wrapper,Plastic bag & wrapper,1440.0,2110.0,74.0,77.0,4178.0
2911,365,3264,2448,batch_4/000095.JPG,Plastic bottle cap,Bottle cap,1517.0,1255.0,122.0,131.0,12421.5
2935,366,2448,3264,batch_5/000074.JPG,Plastic straw,Straw,1002.0,1141.0,1055.0,530.0,28073.0
2936,367,2448,3264,batch_5/000075.JPG,Rope & strings,Rope & strings,1584.0,1486.0,147.0,262.0,6684.5
2937,368,2448,3264,batch_5/000076.JPG,Plastic straw,Straw,1156.0,1531.0,126.0,427.0,14338.5
2940,369,3264,2448,batch_5/000079.JPG,Plastic film,Plastic bag & wrapper,942.0,1470.0,714.0,224.0,66881.5
2942,370,2448,3264,batch_5/000082.JPG,Plastic film,Plastic bag & wrapper,974.0,2341.0,298.0,333.0,46773.5
2951,371,3264,2448,batch_5/000086.JPG,Other plastic,Other plastic,1961.0,1467.0,406.0,245.0,63780.0
2953,372,2448,3264,batch_5/000088.JPG,Plastic bottle cap,Bottle cap,681.0,1590.0,88.0,87.0,5835.5
2954,373,3264,2448,batch_5/000089.JPG,Styrofoam piece,Styrofoam piece,875.0,1204.0,303.0,270.0,53034.0
2955,374,3264,2448,batch_5/000090.JPG,Plastic bottle cap,Bottle cap,2128.0,1932.0,261.0,152.0,32264.5
2966,375,3264,2448,batch_5/000095.JPG,Disposable plastic cup,Cup,1965.0,1129.0,586.0,338.0,117545.0
2967,376,3264,2448,batch_5/000096.JPG,Disposable plastic cup,Cup,1668.0,1068.0,439.0,352.0,134057.0
2968,377,3264,2448,batch_5/000097.JPG,Other carton,Carton,1850.0,571.0,314.0,563.0,109736.5
2970,378,2448,3264,batch_5/000099.JPG,Plastic film,Plastic bag & wrapper,896.0,1293.0,701.0,283.0,85649.5
2971,379,3264,2448,batch_5/000100.JPG,Plastic straw,Straw,1305.0,1597.0,523.0,113.0,9036.0
2972,380,2448,3264,batch_5/000062.JPG,Other plastic,Other plastic,997.0,1926.0,160.0,332.0,22092.0
2994,381,2448,3264,batch_5/000101.JPG,Glass bottle,Bottle,1460.0,659.0,314.0,624.0,103757.0
3019,382,3264,2448,batch_5/000110.JPG,Plastic film,Plastic bag & wrapper,787.0,1695.0,271.0,227.0,36653.5
3025,383,2448,3264,batch_5/000112.JPG,Plastic film,Plastic bag & wrapper,703.0,1540.0,484.0,561.0,106622.0
3034,384,2448,3264,batch_5/000115.JPG,Plastic film,Plastic bag & wrapper,1136.0,1453.0,181.0,183.0,19662.0
3037,385,3264,2448,batch_5/000117.JPG,Normal paper,Paper,829.0,1665.0,686.0,453.0,193098.0
3057,386,3264,2448,batch_5/000007.JPG,Drink can,Can,1461.0,956.0,332.0,219.0,56476.0
3058,387,2448,3264,batch_5/000008.JPG,Clear plastic bottle,Bottle,1032.0,1443.0,509.0,278.0,67466.0
3075,388,2448,3264,batch_5/000013.JPG,Drink can,Can,704.0,1622.0,248.0,126.0,18633.0
3076,389,2448,3264,batch_5/000014.JPG,Styrofoam piece,Styrofoam piece,1519.0,1436.0,295.0,241.0,30391.0
3106,390,2448,3264,batch_5/000021.JPG,Plastic film,Plastic bag & wrapper,1217.0,1251.0,421.0,410.0,116691.5
3112,391,2448,3264,batch_5/000023.JPG,Plastic film,Plastic bag & wrapper,1173.0,1534.0,278.0,147.0,31089.5
3114,392,2448,3264,batch_5/000025.JPG,Disposable plastic cup,Cup,1292.0,1677.0,181.0,110.0,15011.0
3115,393,2448,3264,batch_5/000026.JPG,Disposable plastic cup,Cup,1431.0,1326.0,131.0,183.0,17732.5
3150,394,2448,3264,batch_5/000033.JPG,Other plastic wrapper,Plastic bag & wrapper,896.0,1710.0,249.0,361.0,75328.0
3174,395,2448,3264,batch_5/000042.JPG,Other plastic,Other plastic,1340.0,1374.0,152.0,138.0,15357.0
3175,396,2448,3264,batch_5/000043.JPG,Crisp packet,Plastic bag & wrapper,981.0,1431.0,572.0,384.0,164102.0
3187,397,2448,3264,batch_5/000048.JPG,Clear plastic bottle,Bottle,880.0,968.0,103.0,235.0,16236.5
3205,398,2448,3264,batch_5/000052.JPG,Clear plastic bottle,Bottle,1517.0,976.0,86.0,236.0,12678.0
3224,399,2448,3264,batch_5/000059.JPG,Crisp packet,Plastic bag & wrapper,1077.0,1612.0,367.0,285.0,64596.0
3227,400,2448,3264,batch_5/000061.JPG,Plastic film,Plastic bag & wrapper,793.0,1787.0,531.0,567.0,149543.0
3228,401,2448,3264,batch_6/000052.JPG,Disposable plastic cup,Cup,956.0,1473.0,154.0,202.0,24180.5
3250,402,2448,3264,batch_6/000098.JPG,Aluminium foil,Aluminium foil,1041.0,1720.0,259.0,491.0,88333.5
3258,403,2448,3264,batch_6/000096.JPG,Other carton,Carton,312.0,1719.0,300.0,247.0,59100.0
3259,404,2624,1968,batch_6/000095.JPG,Other plastic wrapper,Plastic bag & wrapper,985.0,1188.0,494.0,387.0,103979.0
3260,405,2448,3264,batch_6/000094.JPG,Plastic film,Plastic bag & wrapper,1064.0,1865.0,444.0,381.0,95489.0
3266,406,2448,3264,batch_6/000091.JPG,Aluminium foil,Aluminium foil,549.0,955.0,565.0,487.0,164776.0
3267,407,3264,2448,batch_6/000090.JPG,Clear plastic bottle,Bottle,710.0,1624.0,208.0,190.0,26561.0
3269,408,3644,2337,batch_6/000088.JPG,Aluminium foil,Aluminium foil,1823.0,1846.0,63.0,49.0,2423.5
3273,409,2624,1968,batch_6/000086.JPG,Aluminium foil,Aluminium foil,1026.0,1055.0,366.0,188.0,41789.5
3274,410,2448,3264,batch_6/000085.JPG,Clear plastic bottle,Bottle,639.0,1417.0,547.0,530.0,131665.0
3281,411,2448,3264,batch_6/000079.JPG,Rope & strings,Rope & strings,1217.0,1318.0,212.0,339.0,15574.5
3388,412,2448,3264,batch_6/000071.JPG,Plastic bottle cap,Bottle cap,1101.0,2122.0,77.0,86.0,5102.0
3441,413,3264,2448,batch_6/000062.JPG,Plastic film,Plastic bag & wrapper,1131.0,1561.0,402.0,341.0,57233.0
3444,414,2448,3264,batch_6/000060.JPG,Clear plastic bottle,Bottle,867.0,1265.0,300.0,606.0,135323.0
3485,415,2448,3264,batch_6/000053.JPG,Aluminium foil,Aluminium foil,976.0,1578.0,259.0,441.0,80535.0
3486,416,2448,3264,batch_6/000000.JPG,Disposable plastic cup,Cup,930.0,1697.0,224.0,177.0,19428.0
3487,417,2448,3264,batch_6/000051.JPG,Clear plastic bottle,Bottle,1123.0,836.0,149.0,445.0,49259.5
3488,418,2448,3264,batch_6/000050.JPG,Other plastic,Other plastic,1038.0,989.0,96.0,38.0,2356.0
3521,419,3680,2760,batch_6/000040.JPG,Drink can,Can,1912.0,1280.0,27.0,21.0,454.5
3571,420,2448,3264,batch_6/000028.JPG,Drink can,Can,1159.0,1753.0,533.0,389.0,112769.5
3572,421,3264,2448,batch_6/000027.JPG,Disposable plastic cup,Cup,950.0,1803.0,534.0,328.0,107975.5
3573,422,2448,3264,batch_6/000026.JPG,Plastic film,Plastic bag & wrapper,701.0,1444.0,795.0,859.0,319365.5
3590,423,2448,3264,batch_6/000021.JPG,Clear plastic bottle,Bottle,685.0,422.0,807.0,1190.0,401206.0
3591,424,2448,3264,batch_6/000020.JPG,Other plastic wrapper,Plastic bag & wrapper,1241.0,1750.0,250.0,174.0,19031.5
3615,425,2448,3264,batch_6/000010.JPG,Clear plastic bottle,Bottle,534.0,1591.0,610.0,725.0,219050.5
3617,426,2624,1968,batch_6/000008.JPG,Paper cup,Cup,1586.0,1644.0,467.0,324.0,123804.0
3618,427,2448,3264,batch_6/000007.JPG,Plastic film,Plastic bag & wrapper,879.0,1411.0,1543.0,921.0,880609.0
3635,428,6000,4000,batch_7/000000.JPG,Other plastic wrapper,Plastic bag & wrapper,3521.0,2398.0,161.0,268.0,21128.5
3643,429,6000,4000,batch_7/000003.JPG,Metal bottle cap,Bottle cap,2270.0,2919.0,192.0,118.0,16739.5
3646,430,6000,4000,batch_7/000005.JPG,Plastic film,Plastic bag & wrapper,1822.0,1957.0,723.0,861.0,377384.0
3653,431,6000,4000,batch_7/000011.JPG,Drink can,Can,2999.0,2432.0,308.0,173.0,38649.5
3654,432,6000,4000,batch_7/000012.JPG,Plastic film,Plastic bag & wrapper,3326.0,1175.0,866.0,878.0,346434.0
3657,433,3264,2448,batch_7/000014.JPG,Aluminium foil,Aluminium foil,1298.0,1259.0,283.0,249.0,40589.5
3660,434,2448,3264,batch_7/000016.JPG,Clear plastic bottle,Bottle,358.0,844.0,345.0,120.0,30592.5
3661,435,3264,2448,batch_7/000017.JPG,Clear plastic bottle,Bottle,1436.0,1742.0,355.0,458.0,76057.0
3668,436,3264,2448,batch_7/000020.JPG,Styrofoam piece,Styrofoam piece,2045.0,1521.0,335.0,177.0,35590.0
3697,437,960,1280,batch_7/000030.JPG,Disposable plastic cup,Cup,125.0,565.0,455.0,575.0,193776.0
3703,438,2448,3264,batch_7/000034.JPG,Metal bottle cap,Bottle cap,818.0,1260.0,108.0,88.0,7475.0
3803,439,2448,3264,batch_7/000055.JPG,Plastic film,Plastic bag & wrapper,1262.0,1243.0,417.0,198.0,44993.5
3805,440,2448,3264,batch_7/000057.JPG,Disposable plastic cup,Cup,1299.0,1332.0,98.0,69.0,4695.0
3808,441,2448,3264,batch_7/000060.JPG,Other plastic wrapper,Plastic bag & wrapper,1279.0,1541.0,301.0,198.0,25763.5
3835,442,3264,2448,batch_7/000068.JPG,Other plastic wrapper,Plastic bag & wrapper,1503.0,675.0,175.0,157.0,12001.0
3836,443,2448,3264,batch_7/000069.JPG,Plastic film,Plastic bag & wrapper,1200.0,1795.0,221.0,227.0,27831.0
3840,444,3264,2448,batch_7/000071.JPG,Single-use carrier bag,Plastic bag & wrapper,1558.0,807.0,244.0,80.0,12576.0
3896,445,3264,2448,batch_7/000082.JPG,Clear plastic bottle,Bottle,886.0,1343.0,265.0,220.0,33837.5
3940,446,2448,3264,batch_7/000088.JPG,Clear plastic bottle,Bottle,1312.0,1524.0,101.0,43.0,3256.5
3941,447,3264,2448,batch_7/000089.JPG,Clear plastic bottle,Bottle,1449.0,1316.0,129.0,39.0,3850.5
3951,448,2448,3264,batch_7/000093.JPG,Disposable plastic cup,Cup,987.0,1147.0,375.0,306.0,63550.5
3952,449,2448,3264,batch_7/000094.JPG,Paper cup,Cup,1251.0,1182.0,237.0,240.0,31876.5
3953,450,2448,3264,batch_7/000095.JPG,Drink can,Can,919.0,1627.0,305.0,178.0,46588.5
3959,451,3264,2448,batch_7/000098.JPG,Other plastic,Other plastic,1103.0,1273.0,1131.0,402.0,147186.5
3960,452,3264,2448,batch_7/000100.JPG,Other plastic,Other plastic,1519.0,1451.0,207.0,260.0,25307.0
3961,453,3264,2448,batch_7/000101.JPG,Other plastic,Other plastic,1867.0,1374.0,408.0,360.0,79231.0
3962,454,3264,2448,batch_7/000102.JPG,Other plastic,Other plastic,1605.0,1844.0,409.0,313.0,65835.0
3963,455,3264,2448,batch_7/000103.JPG,Plastic film,Plastic bag & wrapper,2139.0,942.0,99.0,279.0,22828.5
3964,456,3264,2448,batch_7/000104.JPG,Plastic film,Plastic bag & wrapper,1440.0,972.0,414.0,136.0,32013.5
3965,457,3264,2448,batch_7/000106.JPG,Other plastic,Other plastic,220.0,851.0,195.0,225.0,16242.5
3966,458,3264,2448,batch_7/000107.JPG,Unlabeled litter,Unlabeled litter,1900.0,1173.0,267.0,120.0,15923.0
3967,459,3264,2448,batch_7/000108.JPG,Plastic film,Plastic bag & wrapper,1037.0,1054.0,362.0,206.0,42851.0
3973,460,3264,2448,batch_7/000111.JPG,Disposable plastic cup,Cup,1529.0,1554.0,283.0,288.0,41863.0
3982,461,3264,2448,batch_7/000115.JPG,Styrofoam piece,Styrofoam piece,1654.0,827.0,227.0,190.0,27453.5
3983,462,3264,2448,batch_7/000117.JPG,Styrofoam piece,Styrofoam piece,2285.0,873.0,346.0,304.0,63002.5
3984,463,3264,2448,batch_7/000118.JPG,Drink can,Can,1674.0,1217.0,223.0,267.0,38512.0
3985,464,3264,2448,batch_7/000119.JPG,Glass bottle,Bottle,1826.0,1285.0,575.0,221.0,59705.5
3990,465,3264,2448,batch_7/000121.JPG,Plastic film,Plastic bag & wrapper,1564.0,1465.0,476.0,266.0,51675.5
4000,466,3264,2448,batch_7/000124.JPG,Other plastic wrapper,Plastic bag & wrapper,1557.0,1282.0,319.0,368.0,55215.5
4006,467,3264,2448,batch_7/000126.JPG,Plastic bottle cap,Bottle cap,1094.0,1642.0,99.0,96.0,7605.0
4010,468,3264,2448,batch_7/000128.JPG,Plastic film,Plastic bag & wrapper,1726.0,1054.0,271.0,316.0,49168.0
4019,469,3264,2448,batch_7/000133.JPG,Single-use carrier bag,Plastic bag & wrapper,1413.0,556.0,654.0,539.0,228678.0
4024,470,3264,2448,batch_7/000135.JPG,Clear plastic bottle,Bottle,1343.0,1577.0,160.0,401.0,38615.0
4038,471,2448,3264,batch_7/000141.JPG,Other plastic wrapper,Plastic bag & wrapper,1100.0,1315.0,425.0,334.0,51383.0
4039,472,2448,3264,batch_7/000142.JPG,Styrofoam piece,Styrofoam piece,1555.0,1192.0,113.0,168.0,13051.5
4046,473,3264,2448,batch_8/000003.jpg,Other plastic wrapper,Plastic bag & wrapper,1791.0,1289.0,327.0,258.0,39208.0
4051,474,3264,2448,batch_8/000006.jpg,Paper cup,Cup,1254.9999999999998,768.0,428.0,435.99999999999983,151901.99999999994
4113,475,2448,3264,batch_8/000018.jpg,Drink can,Can,1149.0,956.0,225.0,131.0,17709.5
4173,476,2448,3264,batch_8/000022.jpg,Disposable plastic cup,Cup,1431.0,1121.0,101.0,85.0,6354.5
4274,477,2448,3264,batch_8/000039.jpg,Glass bottle,Bottle,946.0,2079.0,498.0,207.0,51373.0
4279,478,3264,2448,batch_8/000041.jpg,Clear plastic bottle,Bottle,1129.0,735.0,357.0,298.0,75217.0
4284,479,3264,2448,batch_8/000043.jpg,Clear plastic bottle,Bottle,1646.0,1083.0,416.0,128.0,41037.0
4292,480,3264,2448,batch_8/000045.jpg,Clear plastic bottle,Bottle,1224.9999999999998,1334.9999999999998,188.00000000000026,64.00000000000023,9302.500000000004
4300,481,3264,2448,batch_8/000049.jpg,Plastic film,Plastic bag & wrapper,723.0,1229.0,337.0,285.0,54769.0
4355,482,1200,1600,batch_8/000060.jpg,Plastic film,Plastic bag & wrapper,527.0,873.0,140.0,73.0,5658.5
4360,483,1200,1600,batch_8/000063.jpg,Unlabeled litter,Unlabeled litter,598.0,807.0,31.0,11.000000000000114,171.5000000000023
4398,484,2448,3264,batch_8/000068.jpg,Other plastic wrapper,Plastic bag & wrapper,1061.0,767.0,112.0,78.0,4878.0
4434,485,2268,4032,batch_8/000078.jpg,Other carton,Carton,679.0,2124.0,244.0,288.0,53638.5
4439,486,2268,4032,batch_8/000081.jpg,Normal paper,Paper,776.0,2463.0,185.0,254.0,35621.5
4448,487,2268,4032,batch_8/000086.jpg,Plastic film,Plastic bag & wrapper,660.0,1728.0,936.9999999999997,924.9999999999997,109333.00000000012
4449,488,2268,4032,batch_8/000087.jpg,Drink can,Can,803.0,2011.0,327.0,391.0,78314.5
4461,489,2268,4032,batch_8/000093.jpg,Other carton,Carton,882.0,2454.0,435.99999999999983,476.9999999999985,104311.5
4466,490,2268,4032,batch_8/000096.jpg,Other carton,Carton,909.0,1783.0,274.00000000000006,203.0,41461.50000000002
4487,491,2448,3264,batch_9/000005.jpg,Clear plastic bottle,Bottle,1198.0,1063.0,445.0,313.0,70664.5
4514,492,3264,2448,batch_9/000012.jpg,Plastic film,Plastic bag & wrapper,1374.0,1270.0,270.0,253.0,15664.5
4524,493,2448,3264,batch_9/000017.jpg,Plastic film,Plastic bag & wrapper,1311.0,1461.0,331.0,391.0,66409.5
4525,494,2448,3264,batch_9/000018.jpg,Plastic film,Plastic bag & wrapper,958.0,2139.0,666.0,496.0,185691.0
4529,495,2448,3264,batch_9/000021.jpg,Plastic film,Plastic bag & wrapper,1073.0,2046.0,274.0,292.0,46393.0
4537,496,2448,3264,batch_9/000024.jpg,Other plastic wrapper,Plastic bag & wrapper,813.0,2307.0,908.0,517.0,174944.0
4566,497,2448,3264,batch_9/000032.jpg,Plastic film,Plastic bag & wrapper,681.0,1710.0,1052.9999999999998,810.0,454680.5
4567,498,2448,3264,batch_9/000033.jpg,Rope & strings,Rope & strings,1115.0,1537.0,373.0,616.0,15457.0
4568,499,2448,3264,batch_9/000034.jpg,Other plastic wrapper,Plastic bag & wrapper,1178.0,1381.0,663.0,502.0,164702.5
4573,500,2448,3264,batch_9/000037.jpg,Plastic bottle cap,Bottle cap,1405.0,1855.0,84.99999999999976,83.99999999999976,5642.999999999999
4582,501,2448,3264,batch_9/000041.jpg,Plastic film,Plastic bag & wrapper,1541.0,1878.0,154.0,492.0,52439.5
4583,502,2448,3264,batch_9/000042.jpg,Plastic film,Plastic bag & wrapper,1053.0,1320.9999999999998,204.0,211.0,21318.999999999996
4584,503,2448,3264,batch_9/000043.jpg,Plastic film,Plastic bag & wrapper,1309.0,2047.0,379.0,251.0,26965.0
4585,504,2448,3264,batch_9/000044.jpg,Plastic film,Plastic bag & wrapper,1192.5398,1317.1533,332.0,373.0,71786.0
4586,505,2448,3264,batch_9/000045.jpg,Plastic film,Plastic bag & wrapper,623.0,1655.0,355.0,397.0,60376.0
4593,506,3264,2448,batch_9/000049.jpg,Unlabeled litter,Unlabeled litter,1319.0,1264.9999999999998,617.0,494.0,113506.50000000007
4662,507,1824,4000,batch_9/000068.jpg,Other plastic wrapper,Plastic bag & wrapper,996.0,1970.0,254.0,178.0,25663.0
4688,508,4000,1824,batch_9/000077.jpg,Plastic bottle cap,Bottle cap,1594.4286,1403.0476,68.0,61.0,2865.0
4711,509,1824,4000,batch_9/000082.jpg,Other plastic wrapper,Plastic bag & wrapper,1470.0,888.0,173.0,169.0,17940.5
4712,510,1824,4000,batch_9/000083.jpg,Drink can,Can,719.0,1199.0,494.0,709.0,272909.0
4758,511,4000,1824,batch_9/000091.jpg,Clear plastic bottle,Bottle,1260.0,1274.0,517.0,310.0,83537.0
4759,512,1824,4000,batch_9/000092.jpg,Clear plastic bottle,Bottle,671.0,2067.0,102.0,217.0,17592.5
4775,513,1824,4000,batch_9/000096.jpg,Plastic straw,Straw,996.0,2590.0,371.0,313.0,6139.5
